{"main":{"language":"en","lastHostname":"192.168.0.28","darkTheme":true,"useBinaryPrefix":true,"disableAutoComplete":false,"settingsStorageLocal":false,"settingsSaveDelay":2000,"cacheStorageLocal":true,"cacheSaveDelay":4000,"notifications":{"errorsPersistent":true,"timeout":5000},"webcam":{"url":"","updateInterval":5000,"liveUrl":"","useFix":false,"embedded":false,"rotation":0,"flip":"none"},"enabledPlugins":["Height Map"],"plugins":{}},"machine":{"ajaxRetries":2,"updateInterval":250,"extendedUpdateEvery":20,"fileTransferRetryThreshold":358400,"crcUploads":true,"pingInterval":2000,"updateDelay":0,"babystepAmount":0.05,"codes":["G31 K0 P500 X0.0 Y0.0 Z-0.0850","M0","M1","M290 S0 C\"exp.heater3\"","M39","M500","M572 D0 S0","M572 D0 S0.05","M572 D0 S0.07","M592 D0 A0 B0","M592 D0 AA B0","M84","M950 S0 C\"exp.heater3\"","M98 P\"config.g\"","g32","m500"],"displayedExtraTemperatures":[3,4],"displayedExtruders":[0,1],"displayedFans":[-1,0,1,2],"moveSteps":{"X":[100,50,10,1,0.1],"Y":[100,50,10,1,0.1],"Z":[50,25,5,0.5,0.05],"default":[100,50,10,1,0.1]},"moveFeedrate":6000,"extruderAmounts":[100,50,20,10,5,1],"extruderFeedrates":[60,30,15,5,1],"temperatures":{"tool":{"active":[250,235,220,205,195,150,120,100,0],"standby":[210,180,160,140,0]},"bed":{"active":[110,100,90,80,70,60,0],"standby":[40,30,0]},"chamber":[90,80,70,60,50,40,0]},"spindleRPM":[10000,75000,5000,2500,1000,0],"enabledPlugins":[],"plugins":{}}}