{"main":{"language":"es","lastHostname":"192.168.1.128","darkTheme":false,"useBinaryPrefix":true,"disableAutoComplete":false,"settingsStorageLocal":false,"settingsSaveDelay":2000,"cacheStorageLocal":true,"cacheSaveDelay":4000,"notifications":{"errorsPersistent":true,"timeout":5000},"webcam":{"url":"","updateInterval":5000,"useFix":false,"embedded":false,"rotation":0,"flip":"none"}},"machine":{"ajaxRetries":2,"updateInterval":250,"extendedUpdateEvery":20,"fileTransferRetryThreshold":358400,"crcUploads":true,"pingInterval":2000,"babystepAmount":0.05,"codes":["G1 X-300","G1 X-300 F3000","G1 X300","G1 X300 F3000","G1 Y140 F1000","G1 Z-50 F1000","G1 Z100","G1 Z50 F1000","G28","G30","M115","G32","G1 Z20 F3000","G1 Z50 F2000","G1 Z10 F2000","G1 Z0 F2000","G92 Z0","G1 Z10 F3000","G1 Z50","G1 Z5 F3000","G1 Z0","G1 X0","G30 S-1","G30 F2000","G1 Z10","M106 P1 S255","M106 P1 S1","M106 P0 S255","M303 H1 P1 S215","M307 H1","M303 H0 P1 S60","M307 H0","M303 H1 S60","M303 H0 S60","M303 H1 P1 S60"],"displayedExtraTemperatures":[],"displayedExtruders":[0,1],"displayedFans":[-1],"moveSteps":{"X":[100,50,10,1,0.1],"Y":[100,50,10,1,0.1],"Z":[50,25,5,0.5,0.05],"default":[100,50,10,1,0.1]},"moveFeedrate":6000,"extruderAmounts":[100,50,20,10,5,1],"extruderFeedrates":[60,30,15,5,1],"temperatures":{"tool":{"active":[250,235,220,205,195,160,120,100,0],"standby":[210,180,160,140,0]},"bed":{"active":[110,100,90,70,65,60,0],"standby":[40,30,0]},"chamber":[90,80,70,60,50,40,0]},"spindleRPM":[10000,75000,5000,2500,1000,0]}}